{
  "bitmap_size": {
    "width": 800,
    "height": 600
  },
  "samples": 2048,
  "time": "4.1235470633333335 m",
  "time_per_sample": "120.80704287109376 ms",
  "FLIP_error": 0.006746083498001099,
  "RMSE_error": 0.009377943351864815
}