{
  "bitmap_size": {
    "width": 800,
    "height": 600
  },
  "samples": 1024,
  "time": "1.9981687383333333 m",
  "time_per_sample": "117.08019951171875 ms",
  "FLIP_error": 0.008627576753497124,
  "RMSE_error": 0.012689303606748581
}