{
  "bitmap_size": {
    "width": 500,
    "height": 500
  },
  "samples": 16,
  "time": "1.5434495 s",
  "time_per_sample": "96.46559375 ms",
  "FLIP_error": 0.12193353474140167,
  "RMSE_error": 0.07771125435829163
}