{
  "bitmap_size": {
    "width": 500,
    "height": 500
  },
  "samples": 512,
  "time": "45.1149523 s",
  "time_per_sample": "88.1151412109375 ms",
  "FLIP_error": 0.04962766915559769,
  "RMSE_error": 0.014841098338365555
}